caldt,crsp_fundno,mtna,mret
1/30/1998,004516,1565.141,0.021766
2/27/1998,004516,1667.157,0.075379
3/31/1998,004516,1746.124,0.067048
4/30/1998,004516,1770.274,0.018565
5/29/1998,004516,1726.627,-0.01402
6/30/1998,004516,1859.649,0.078208
7/31/1998,004516,1810.473,-0.018464
8/31/1998,004516,1454.975,-0.181391
9/30/1998,004516,1588.2,0.088223
10/30/1998,004516,1639.6,0.03997
11/30/1998,004516,1757.1,0.075054
12/31/1998,004516,1942.1,0.119136
1/29/1999,004516,2076.5,0.07671
2/26/1999,004516,1977.2,-0.042362
3/31/1999,004516,2080.9,0.047922
4/30/1999,004516,2027.8,-0.025903
5/28/1999,004516,1916.5,-0.052528
6/30/1999,004516,2066.3,0.079349
7/30/1999,004516,1953.3,-0.042697
8/31/1999,004516,1935.5,0.001677
9/30/1999,004516,1890.3,-0.005357
10/29/1999,004516,1986.1,0.081117
11/30/1999,004516,2088.2,0.066625
12/31/1999,004516,2435.8,0.181156
1/31/2000,004516,2316.1,-0.042286
2/29/2000,004516,2545.7,0.102314
3/31/2000,004516,2657.3,0.046133
4/28/2000,004516,2415.6,-0.090309
5/31/2000,004516,2206.5,-0.08418
6/30/2000,004516,2413.6,0.098574
7/31/2000,004516,2460.7,0.020773
8/31/2000,004516,2705.8,0.100622
9/29/2000,004516,2487.1,-0.08038
10/31/2000,004516,2293.1,-0.074839
11/30/2000,004516,1957.4,-0.14428
12/29/2000,004516,1996.8,0.029819
1/31/2001,004516,1957.7,-0.015196
2/28/2001,004516,1682.8,-0.130975
3/30/2001,004516,1473.9,-0.108272
4/30/2001,004516,1606.6,0.101991
5/31/2001,004516,1558.1,-0.020273
6/29/2001,004516,1487.1,-0.033288
7/31/2001,004516,1427.1,-0.027455
8/31/2001,004516,1291.1,-0.080383
9/28/2001,004516,1143.1,-0.095213
10/31/2001,004516,1147.7,0.018976
11/30/2001,004516,1223.5,0.079571
12/31/2001,004516,1187.7,-0.006903
1/31/2002,004516,1146.4,-0.018577
2/28/2002,004516,1092.9,-0.030287
3/28/2002,004516,1121,0.043503
4/30/2002,004516,1029.9,-0.058792
5/31/2002,004516,987.8,-0.020443
6/28/2002,004516,880.7,-0.089275
7/31/2002,004516,777.9,-0.081477
8/30/2002,004516,775.5,0.011088
9/30/2002,004516,684.2,-0.10281
10/31/2002,004516,724.5,0.066463
11/29/2002,004516,720.8,0.010029
12/31/2002,004516,662.6,-0.060993
1/31/2003,004516,634.6,-0.02568
2/28/2003,004516,611.5,-0.015504
3/31/2003,004516,607.2,0.011024
4/30/2003,004516,635.9,0.063084
5/30/2003,004516,649.1,0.03663
6/30/2003,004516,648.9,0.016254
7/31/2003,004516,658.8,0.031293
8/29/2003,004516,655.3,0.013486
9/30/2003,004516,632.1,-0.019295
10/31/2003,004516,666.7,0.07327
11/28/2003,004516,663,0.011378
12/31/2003,004516,666.5,0.0275
1/30/2004,004516,681.9,0.039538
2/27/2004,004516,676.6,0.010532
3/31/2004,004516,653.4,-0.011581
4/30/2004,004516,615.5,-0.038664
5/28/2004,004516,611.6,0.018282
6/30/2004,004516,611.8,0.019749
7/30/2004,004516,564.9,-0.058685
8/31/2004,004516,544.7,-0.014963
9/30/2004,004516,546.4,0.024051
10/29/2004,004516,542.9,0.012361
11/30/2004,004516,552.1,0.040904
12/31/2004,004516,562.2,0.048094
1/31/2005,004516,528.5,-0.039731
2/28/2005,004516,518.5,0.002331
3/31/2005,004516,497.5,-0.015698
4/29/2005,004516,477.3,-0.020083
5/31/2005,004516,492.1,0.051838
6/30/2005,004516,481.3,-0.001146
7/29/2005,004516,493.9,0.047619
8/31/2005,004516,471,-0.023549
9/30/2005,004516,463.9,0.007852
10/31/2005,004516,454.1,-0.001669
11/30/2005,004516,462.8,0.037904
12/30/2005,004516,452.3,0.005371
1/31/2006,004516,460.2,0.040598
2/28/2006,004516,450,-0.00462
3/31/2006,004516,445.4,0.009799
4/28/2006,004516,449,0.024004
5/31/2006,004516,421.9,-0.044888
6/30/2006,004516,412.2,-0.005222
7/31/2006,004516,398.7,-0.016273
8/31/2006,004516,401.4,0.027748
9/29/2006,004516,407.7,0.038422
10/31/2006,004516,413.7,0.0305
11/30/2006,004516,421.5,0.032994
12/29/2006,004516,415.4,0.002818
1/31/2007,004516,420.8,0.028103
2/28/2007,004516,412.6,-0.010023
3/30/2007,004516,412,0.012885
4/30/2007,004516,424.3,0.042254
5/31/2007,004516,435.4,0.039669
6/29/2007,004516,426.3,-0.011321
7/31/2007,004516,420.1,-0.004665
8/31/2007,004516,420.9,0.01193
9/28/2007,004516,441.5,0.056842
10/31/2007,004516,451.1,0.043028
11/30/2007,004516,434.9,-0.044691
12/31/2007,004516,434.8,0.005598
1/31/2008,004516,399.5,-0.073956
2/29/2008,004516,383.2,-0.033491
3/31/2008,004516,344.8,-0.02088
4/30/2008,004516,291.9,0.087114
5/30/2008,004516,300.4,0.036311
6/30/2008,004516,278.5,-0.065646
7/31/2008,004516,263.3,-0.033621
8/29/2008,004516,264.5,0.014273
9/30/2008,004516,226.2,-0.132806
10/31/2008,004516,189.9,-0.14503
11/28/2008,004516,172.2,-0.081851
12/31/2008,004516,172.6,0.011628
1/30/2009,004516,166.7,-0.024266
2/27/2009,004516,149.7,-0.08966
3/31/2009,004516,160.7,0.090582
4/30/2009,004516,172.1,0.075148
5/29/2009,004516,180.7,0.052728
6/30/2009,004516,182.5,0.013978
7/31/2009,004516,194.9,0.072947
8/31/2009,004516,196.8,0.010171
9/30/2009,004516,200.5,0.028087
10/30/2009,004516,195.7,-0.01701
11/30/2009,004516,205.4,0.057682
12/31/2009,004516,208.5,0.026773
1/29/2010,004516,195.3,-0.052149
2/26/2010,004516,202.7,0.046867
3/31/2010,004516,213.1,0.06326
4/30/2010,004516,211.3,0.001373
5/28/2010,004516,192.2,-0.079982
6/30/2010,004516,179.4,-0.057129
7/30/2010,004516,186.4,0.053741
8/31/2010,004516,175.5,-0.046
9/30/2010,004516,190.5,0.09434
10/29/2010,004516,195,0.038793
11/30/2010,004516,195.3,0.017981
12/31/2010,004516,202.3,0.052989
1/31/2011,004516,205.3,0.024946
2/28/2011,004516,210.5,0.036509
3/31/2011,004516,209.6,0.010121
4/29/2011,004516,211.2,0.022846
5/31/2011,004516,207.2,-0.008621
6/30/2011,004516,200.6,-0.019368
7/29/2011,004516,198.4,0.00524
8/31/2011,004516,181.5,-0.072173
9/30/2011,004516,163.7,-0.085998
10/31/2011,004516,180.2,0.112057
11/30/2011,004516,177.2,-0.002976
12/30/2011,004516,172.1,-0.018763
1/31/2012,004516,181.3,0.065189
2/29/2012,004516,188.7,0.049776
3/30/2012,004516,194.6,0.040808
4/30/2012,004516,191.2,-0.007468
5/31/2012,004516,175.6,-0.071859
6/29/2012,004516,179,0.030807
7/31/2012,004516,178.7,0.010224
8/31/2012,004516,183.5,0.039315
9/28/2012,004516,185.4,0.022097
10/31/2012,004516,175.6,-0.041041
11/30/2012,004516,177.6,0.024455
12/31/2012,004516,174,-0.003057
1/31/2013,004516,180,0.047388
2/28/2013,004516,179.8,0.006961
3/28/2013,004516,183.7,0.03341
4/30/2013,004516,186.8,0.023411
5/31/2013,004516,186.5,0.007262
6/28/2013,004516,183.1,-0.012978
7/31/2013,004516,190.5,0.049306
8/30/2013,004516,187.4,-0.008702
9/30/2013,004516,198.6,0.066011
10/31/2013,004516,206.3,0.047101
11/29/2013,004516,211.1,0.029569
12/31/2013,004516,215.9,0.039484
1/31/2014,004516,212.4,-0.008511
2/28/2014,004516,223.6,0.058435
3/31/2014,004516,213.9,-0.038366
4/30/2014,004516,209.8,-0.011677
5/30/2014,004516,215.7,0.035117
6/30/2014,004516,223.1,0.013316
7/31/2014,004516,217.3,-0.018773
8/29/2014,004516,226.3,0.048788
9/30/2014,004516,218.9,-0.026756
10/31/2014,004516,224.2,0.028429
11/28/2014,004516,226.9,0.015188
12/31/2014,004516,220.6,-0.009369
1/30/2015,004516,217.7,-0.008477
2/27/2015,004516,231.5,0.070793
3/31/2015,004516,226.5,-0.008943
4/30/2015,004516,225.5,-0.000322
5/29/2015,004516,228.4,0.020954
6/30/2015,004516,227.6,-0.004421
7/31/2015,004516,236,0.038376
8/31/2015,004516,219.4,-0.068418
9/30/2015,004516,213.5,-0.018033
10/30/2015,004516,231.4,0.082805
11/30/2015,004516,233.5,0.0037
12/31/2015,004516,234.1,-0.010292
1/29/2016,004516,219.9,-0.067073
2/29/2016,004516,218.4,-0.010167
3/31/2016,004516,229.3,0.053925
4/29/2016,004516,232.2,0.013227
5/31/2016,004516,235.4,0.017176
6/30/2016,004516,230.4,-0.016548
7/29/2016,004516,240.8,0.052541
8/31/2016,004516,237.7,-0.006525
9/30/2016,004516,237.5,0.002299
10/31/2016,004516,228.8,-0.026212
11/30/2016,004516,225.4,-0.002019
12/30/2016,004516,222.4,0.002534
1/31/2017,004516,227.5,0.038622
2/28/2017,004516,231.1,0.027806
3/31/2017,004516,232.5,0.016297
4/28/2017,004516,236,0.026299
5/31/2017,004516,221.2,0.03125
6/30/2017,004516,218,-0.007273
7/31/2017,004516,220.9,0.02442
8/31/2017,004516,223.7,0.019964
9/29/2017,004516,225.1,0.017528
10/31/2017,004516,229.2,0.034166
11/30/2017,004516,237.6,0.040255
12/29/2017,004516,234.9,0.000566
1/31/2018,004516,248.6,0.07203
2/28/2018,004516,241.5,-0.017241
3/29/2018,004516,229.6,-0.033798
4/30/2018,004516,228.6,0.004539
5/31/2018,004516,237.6,0.046784
6/29/2018,004516,233.9,0.000762
7/31/2018,004516,235.6,0.017001
8/31/2018,004516,248.2,0.062126
9/28/2018,004516,247.6,0.002114
10/31/2018,004516,52.6,-0.11744
11/30/2018,004516,52.8,0.013015
12/31/2018,004516,47.4,-0.097128
1/31/2019,004516,51.1,0.097922
2/28/2019,004516,51.6,0.034649
3/29/2019,004516,49.4,0.021085
4/30/2019,004516,51.2,0.045551
5/31/2019,004516,46.6,-0.066512
6/28/2019,004516,48.7,0.07094
7/31/2019,004516,47.4,0.013364
8/30/2019,004516,44.7,-0.009174
9/30/2019,004516,43.6,-0.021701
10/31/2019,004516,44.2,0.028098
11/29/2019,004516,46.4,0.061565
12/31/2019,004516,45.6,0.021466
1/31/2020,004516,46.2,0.03171
2/28/2020,004516,42.7,-0.062738
3/31/2020,004516,37.3,-0.105139
4/30/2020,004516,42.4,0.15867
5/29/2020,004516,45.4,0.073688
6/30/2020,004516,45.9,0.050106
7/31/2020,004516,47.3,0.077501
8/31/2020,004516,53.2,0.128824
9/30/2020,004516,50.5,-0.035426
10/30/2020,004516,47.9,-0.043628
11/30/2020,004516,52.6,0.105928
12/31/2020,004516,53.8,0.050607
1/29/2021,004516,51.9,-0.014657
2/26/2021,004516,51.6,0.022443
3/31/2021,004516,46.7,0.003828
4/30/2021,004516,48.7,0.075515
5/28/2021,004516,47,-0.021277
6/30/2021,004516,48.7,0.054831
7/30/2021,004516,48.1,0.027479
8/31/2021,004516,49.5,0.040784
9/30/2021,004516,46,-0.058244
10/29/2021,004516,48.7,0.070941
11/30/2021,004516,45.1,-0.012314
12/31/2021,004516,42.3,0.01051
1/31/2022,004516,37.6,-0.095412
2/28/2022,004516,33.6,-0.056433
3/31/2022,004516,34.4,0.0445
4/29/2022,004516,29.5,-0.127471
5/31/2022,004516,27.3,-0.033594
6/30/2022,004516,24.4,-0.090137
7/29/2022,004516,26.8,0.120391
8/31/2022,004516,24.1,-0.063045
9/30/2022,004516,21.2,-0.096488
10/31/2022,004516,21.7,0.044496
11/30/2022,004516,22,0.047534
12/30/2022,004516,18.6,-0.085034
1/31/2023,004516,19.9,0.097207
2/28/2023,004516,19.2,-0.015663
3/31/2023,004516,20.6,0.090502
4/28/2023,004516,20.7,0.02736
5/31/2023,004516,21.5,0.072348
6/30/2023,004516,22.5,0.065811
7/31/2023,004516,22.7,0.024854
8/31/2023,004516,22.3,-0.004168
9/29/2023,004516,20.2,-0.063166
10/31/2023,004516,19.3,-0.006905
11/30/2023,004516,21.1,0.117791
12/29/2023,004516,21.5,0.038137
1/31/2024,004516,21.5,0.034779
1/30/1998,006981,82.136,0.010885
2/27/1998,006981,88.86,0.071629
3/31/1998,006981,94.554,0.050939
4/30/1998,006981,97.424,0.01043
5/29/1998,006981,97.408,-0.017341
6/30/1998,006981,102.932,0.039945
7/31/1998,006981,103.024,-0.010953
8/31/1998,006981,88.092,-0.14274
9/30/1998,006981,95.1,0.063129
10/30/1998,006981,104.3,0.083673
11/30/1998,006981,112.4,0.059887
12/31/1998,006981,125.2,0.057832
1/29/1999,006981,131.2,0.043196
2/26/1999,006981,124.4,-0.030781
3/31/1999,006981,131,0.039191
4/30/1999,006981,137.1,0.036861
5/28/1999,006981,135.9,-0.024639
6/30/1999,006981,143.3,0.055186
7/30/1999,006981,141.2,-0.030542
8/31/1999,006981,142.1,-0.004602
9/30/1999,006981,138.5,-0.027429
10/29/1999,006981,150.5,0.063166
11/30/1999,006981,146.4,0.020086
12/31/1999,006981,163.9,0.060393
1/31/2000,006981,153.4,-0.050319
2/29/2000,006981,147.3,-0.019428
3/31/2000,006981,157.2,0.096805
4/28/2000,006981,153.5,-0.030972
5/31/2000,006981,158.1,-0.019721
6/30/2000,006981,159.2,0.024492
7/31/2000,006981,157.5,-0.013578
8/31/2000,006981,166,0.061253
9/29/2000,006981,156.9,-0.051757
10/31/2000,006981,156.7,-0.003772
11/30/2000,006981,146.4,-0.078406
12/29/2000,006981,149.2,0.00558
1/31/2001,006981,156,0.034444
2/28/2001,006981,145.1,-0.088181
3/30/2001,006981,137.8,-0.061966
4/30/2001,006981,151.8,0.075998
5/31/2001,006981,155.1,0.007183
6/29/2001,006981,150.3,-0.024267
7/31/2001,006981,150.4,-0.00978
8/31/2001,006981,141.4,-0.06214
9/28/2001,006981,129.2,-0.07986
10/31/2001,006981,133.3,0.01772
11/30/2001,006981,144.1,0.075294
12/31/2001,006981,146.5,0.007974
1/31/2002,006981,146.2,-0.014373
2/28/2002,006981,144.8,-0.018118
3/28/2002,006981,153,0.036238
4/30/2002,006981,142,-0.060105
5/31/2002,006981,138.3,-0.007414
6/28/2002,006981,128.1,-0.070971
7/31/2002,006981,117.8,-0.074093
8/30/2002,006981,93.9,0.005988
9/30/2002,006981,82.9,-0.109838
10/31/2002,006981,89.1,0.088577
11/29/2002,006981,94.4,0.060606
12/31/2002,006981,84.1,-0.059392
1/31/2003,006981,82,-0.027119
2/28/2003,006981,80.2,-0.015099
3/31/2003,006981,82.8,0.009263
4/30/2003,006981,90.6,0.082111
5/30/2003,006981,93.1,0.053659
6/30/2003,006981,93.5,0.012896
7/31/2003,006981,95.8,0.017329
8/29/2003,006981,98.2,0.02004
9/30/2003,006981,96.8,-0.011262
10/31/2003,006981,102.9,0.05683
11/28/2003,006981,104,0.008962
12/31/2003,006981,109,0.051594
1/30/2004,006981,112.2,0.017849
2/27/2004,006981,112.9,0.013591
3/31/2004,006981,109.9,-0.014965
4/30/2004,006981,109.4,-0.015859
5/28/2004,006981,111.8,0.013429
6/30/2004,006981,113.3,0.019342
7/30/2004,006981,106.4,-0.033478
8/31/2004,006981,106.3,0.004049
9/30/2004,006981,106.1,0.010193
10/29/2004,006981,106.4,0.015583
11/30/2004,006981,108.4,0.040333
12/31/2004,006981,110.6,0.033923
1/31/2005,006981,108.2,-0.02421
2/28/2005,006981,109.9,0.021026
3/31/2005,006981,106.9,-0.01771
4/29/2005,006981,104.7,-0.019368
5/31/2005,006981,107.6,0.031344
6/30/2005,006981,101.9,0.00154
7/29/2005,006981,105.2,0.036713
8/31/2005,006981,102.9,-0.009658
9/30/2005,006981,103.2,0.007899
10/31/2005,006981,101.3,-0.016586
11/30/2005,006981,104.5,0.037433
12/30/2005,006981,103.2,0.000317
1/31/2006,006981,105.9,0.026274
2/28/2006,006981,105.8,0.002327
3/31/2006,006981,105.7,0.012372
4/28/2006,006981,106.7,0.013047
5/31/2006,006981,102.9,-0.029167
6/30/2006,006981,99.3,0.001131
7/31/2006,006981,99.7,0.005871
8/31/2006,006981,100.9,0.023735
9/29/2006,006981,102.8,0.025485
10/31/2006,006981,105.7,0.031622
11/30/2006,006981,107.2,0.018752
12/29/2006,006981,107.3,0.01365
1/31/2007,006981,109,0.015082
2/28/2007,006981,105.7,-0.019696
3/30/2007,006981,105.5,0.010761
4/30/2007,006981,110.2,0.044133
5/31/2007,006981,112.4,0.034552
6/29/2007,006981,109.4,-0.016634
7/31/2007,006981,105.4,-0.031116
8/31/2007,006981,105.8,0.014691
9/28/2007,006981,108.6,0.03699
10/31/2007,006981,109.3,0.014993
11/30/2007,006981,104.3,-0.042068
12/31/2007,006981,102.8,-0.007556
1/31/2008,006981,96.5,-0.059701
2/29/2008,006981,92.5,-0.032828
3/31/2008,006981,91.5,-0.00448
4/30/2008,006981,95.9,0.048175
5/30/2008,006981,96.8,0.012926
6/30/2008,006981,88,-0.084389
7/31/2008,006981,87.1,-0.007001
8/29/2008,006981,87.8,0.014884
9/30/2008,006981,78.6,-0.087495
10/31/2008,006981,66.1,-0.166667
11/28/2008,006981,62.1,-0.070408
12/31/2008,006981,62.3,0.012366
1/30/2009,006981,56.6,-0.082924
2/27/2009,006981,50.1,-0.105294
3/31/2009,006981,54,0.087347
4/30/2009,006981,59.5,0.094154
5/29/2009,006981,62.6,0.055118
6/30/2009,006981,62.2,0.002425
7/31/2009,006981,65.7,0.074786
8/31/2009,006981,67.1,0.034294
9/30/2009,006981,68.9,0.035666
10/30/2009,006981,67.6,-0.016768
11/30/2009,006981,70.8,0.059214
12/31/2009,006981,71.7,0.019606
1/29/2010,006981,69.1,-0.035699
2/26/2010,006981,71,0.029707
3/31/2010,006981,74.1,0.059219
4/30/2010,006981,76.3,0.015987
5/28/2010,006981,69.8,-0.079917
6/30/2010,006981,65.6,-0.052705
7/30/2010,006981,69.2,0.069656
8/31/2010,006981,65.8,-0.045049
9/30/2010,006981,70.9,0.089159
10/29/2010,006981,73.3,0.037915
11/30/2010,006981,72.9,-0.000415
12/31/2010,006981,77,0.066138
1/31/2011,006981,79.1,0.023474
2/28/2011,006981,81.7,0.034404
3/31/2011,006981,80.9,0.000303
4/29/2011,006981,83.4,0.030045
5/31/2011,006981,82.4,-0.011163
6/30/2011,006981,80.5,-0.016788
7/29/2011,006981,78.8,-0.020082
8/31/2011,006981,74.8,-0.054649
9/30/2011,006981,69.1,-0.068274
10/31/2011,006981,76.6,0.108658
11/30/2011,006981,76.3,-0.001952
12/30/2011,006981,76.7,0.010043
1/31/2012,006981,80.8,0.043986
2/29/2012,006981,84.7,0.042506
3/30/2012,006981,85.8,0.032257
4/30/2012,006981,85.3,-0.006611
5/31/2012,006981,79.7,-0.060595
6/29/2012,006981,82.6,0.041201
7/31/2012,006981,83.8,0.01259
8/31/2012,006981,85.3,0.02238
9/28/2012,006981,87.3,0.025931
10/31/2012,006981,85.9,-0.018009
11/30/2012,006981,99.5,0.006228
12/31/2012,006981,98.9,0.008569
1/31/2013,006981,105.5,0.051677
2/28/2013,006981,107.2,0.013342
3/28/2013,006981,96.4,0.037277
4/30/2013,006981,99,0.018645
5/31/2013,006981,100.2,0.023185
6/28/2013,006981,98.5,-0.013482
7/31/2013,006981,103.8,0.050698
8/30/2013,006981,101.1,-0.029471
9/30/2013,006981,103.9,0.030944
10/31/2013,006981,109.5,0.045494
11/29/2013,006981,110.5,0.030421
12/31/2013,006981,114.6,0.025397
1/31/2014,006981,110.9,-0.036125
2/28/2014,006981,116,0.045253
3/31/2014,006981,116,0.008574
4/30/2014,006981,117.1,0.007403
5/30/2014,006981,119.5,0.022835
6/30/2014,006981,121.5,0.019933
7/31/2014,006981,119.5,-0.01364
8/29/2014,006981,123.7,0.039949
9/30/2014,006981,121.8,-0.014509
10/31/2014,006981,126.4,0.024586
11/28/2014,006981,130,0.027074
12/31/2014,006981,129.7,-0.002786
1/30/2015,006981,125.1,-0.029894
2/27/2015,006981,132.5,0.057406
3/31/2015,006981,129.8,-0.016646
4/30/2015,006981,131.5,0.009842
5/29/2015,006981,132.6,0.013073
6/30/2015,006981,129.6,-0.019737
7/31/2015,006981,131.8,0.020433
8/31/2015,006981,123.2,-0.060542
9/30/2015,006981,119.8,-0.024945
10/30/2015,006981,130.1,0.084259
11/30/2015,006981,127.9,0.002598
12/31/2015,006981,127.8,-0.016764
1/29/2016,006981,122.4,-0.049278
2/29/2016,006981,121,-0.000785
3/31/2016,006981,128.4,0.067147
4/29/2016,006981,129.2,0.003947
5/31/2016,006981,131.3,0.016953
6/30/2016,006981,131.2,0.002341
7/29/2016,006981,135.6,0.03632
8/31/2016,006981,135.3,0.001402
9/30/2016,006981,134.9,-0.000775
10/31/2016,006981,133,-0.017626
11/30/2016,006981,137.1,0.038763
12/30/2016,006981,141,0.015356
1/31/2017,006981,144.1,0.017186
2/28/2017,006981,149.3,0.039874
3/31/2017,006981,149.2,0.0007
4/28/2017,006981,152,0.009998
5/31/2017,006981,155.1,0.013772
6/30/2017,006981,155.1,0.006058
7/31/2017,006981,155.7,0.019915
8/31/2017,006981,155.2,0.002493
9/29/2017,006981,156.4,0.020779
10/31/2017,006981,160.3,0.023649
11/30/2017,006981,163.5,0.0315
12/29/2017,006981,167,0.011456
1/31/2018,006981,178.3,0.057565
2/28/2018,006981,172.3,-0.036594
3/29/2018,006981,167.1,-0.02636
4/30/2018,006981,167.8,0.003148
5/31/2018,006981,171.4,0.02373
6/29/2018,006981,171.1,0.005109
7/31/2018,006981,177.7,0.038064
8/31/2018,006981,182.3,0.03243
9/28/2018,006981,182.1,0.005568
10/31/2018,006981,170.5,-0.068413
11/30/2018,006981,172.6,0.011474
12/31/2018,006981,156.3,-0.090441
1/31/2019,006981,169.8,0.079332
2/28/2019,006981,175.7,0.031915
3/29/2019,006981,178.9,0.018581
4/30/2019,006981,186.9,0.040865
5/31/2019,006981,175.2,-0.06431
6/28/2019,006981,185.9,0.070323
7/31/2019,006981,188,0.013886
8/30/2019,006981,185.2,-0.016681
9/30/2019,006981,187.6,0.018568
10/31/2019,006981,192.1,0.021682
11/29/2019,006981,184.5,0.036228
12/31/2019,006981,186.7,0.02953
1/31/2020,006981,187.8,-0.001048
2/28/2020,006981,168.3,-0.082721
3/31/2020,006981,145.6,-0.124194
4/30/2020,006981,165.4,0.127953
5/29/2020,006981,171.6,0.047314
6/30/2020,006981,176.9,0.01968
7/31/2020,006981,184.3,0.055859
8/31/2020,006981,196.1,0.071687
9/30/2020,006981,184.8,-0.039074
10/30/2020,006981,179.9,-0.03012
11/30/2020,006981,187.1,0.109356
12/31/2020,006981,204.8,0.038225
1/29/2021,006981,202.4,-0.010655
2/26/2021,006981,206.8,0.027089
3/31/2021,006981,215.1,0.043491
4/30/2021,006981,227.9,0.053274
5/28/2021,006981,228.6,0.006667
6/30/2021,006981,232.1,0.022813
7/30/2021,006981,236.6,0.023141
8/31/2021,006981,243.5,0.029789
9/30/2021,006981,231.3,-0.046993
10/29/2021,006981,247.9,0.069597
11/30/2021,006981,234.5,-0.007265
12/31/2021,006981,254.7,0.044868
1/31/2022,006981,241.7,-0.051832
2/28/2022,006981,233.1,-0.030073
3/31/2022,006981,241.4,0.036391
4/29/2022,006981,220.6,-0.087481
5/31/2022,006981,220.1,0.001229
6/30/2022,006981,199.3,-0.082231
7/29/2022,006981,218.1,0.091763
8/31/2022,006981,208.3,-0.04118
9/30/2022,006981,188.1,-0.092308
10/31/2022,006981,203.1,0.081177
11/30/2022,006981,206.5,0.055896
12/30/2022,006981,199,-0.057569
1/31/2023,006981,211.1,0.062756
2/28/2023,006981,205.7,-0.02494
3/31/2023,006981,211.2,0.036284
4/28/2023,006981,215.3,0.015021
5/31/2023,006981,215.5,0.003621
6/30/2023,006981,229.6,0.065663
7/31/2023,006981,236,0.031753
8/31/2023,006981,228.1,-0.016318
9/29/2023,006981,216.4,-0.047718
10/31/2023,006981,212,-0.020999
11/30/2023,006981,213.7,0.090916
12/29/2023,006981,235.8,0.044941
1/31/2024,006981,239.8,0.016418
1/30/1998,012663,217.192,0.011735
2/27/1998,012663,233.154,0.056338
3/31/1998,012663,250.494,0.050196
4/30/1998,012663,261.988,0.01868
5/29/1998,012663,260.241,-0.022744
6/30/1998,012663,274.322,0.036787
7/31/1998,012663,272.752,-0.023196
8/31/1998,012663,240.704,-0.132789
9/30/1998,012663,257.6,0.053037
10/30/1998,012663,277.4,0.067774
11/30/1998,012663,295.8,0.054995
12/31/1998,012663,317.8,0.060144
1/29/1999,012663,335.1,0.040928
2/26/1999,012663,328,-0.034076
3/31/1999,012663,351.9,0.044776
4/30/1999,012663,372.6,0.03502
5/28/1999,012663,363.9,-0.035154
6/30/1999,012663,389.7,0.055303
7/30/1999,012663,376.4,-0.043656
8/31/1999,012663,377.8,-0.010961
9/30/1999,012663,377.8,-0.01043
10/29/1999,012663,401.9,0.055304
11/30/1999,012663,418.4,0.034659
12/31/1999,012663,458,0.088963
1/31/2000,012663,436.8,-0.054054
2/29/2000,012663,467.6,0.061039
3/31/2000,012663,499.7,0.063647
4/28/2000,012663,495.2,-0.017837
5/31/2000,012663,478.5,-0.038664
6/30/2000,012663,491.7,0.021328
7/31/2000,012663,476.6,-0.03401
8/31/2000,012663,513.6,0.071649
9/29/2000,012663,493.9,-0.042651
10/31/2000,012663,490,-0.012643
11/30/2000,012663,454.5,-0.080258
12/29/2000,012663,475.3,0.044493
1/31/2001,012663,470.9,-0.009777
2/28/2001,012663,444.6,-0.058533
3/30/2001,012663,426.5,-0.041948
4/30/2001,012663,460.7,0.076761
5/31/2001,012663,466.9,0.009455
6/29/2001,012663,449.9,-0.04683
7/31/2001,012663,432.7,-0.043117
8/31/2001,012663,411.2,-0.052964
9/28/2001,012663,383.5,-0.068447
10/31/2001,012663,388.3,0.008969
11/30/2001,012663,412.5,0.056889
12/31/2001,012663,420.3,0.014298
1/31/2002,012663,412.2,-0.028239
2/28/2002,012663,410,-0.011111
3/28/2002,012663,428,0.036992
4/30/2002,012663,420.3,-0.033361
5/31/2002,012663,412.1,-0.017256
6/28/2002,012663,382.7,-0.071115
7/31/2002,012663,348.7,-0.081285
8/30/2002,012663,352.7,0.00823
9/30/2002,012663,317.9,-0.097959
10/31/2002,012663,329.8,0.039638
11/29/2002,012663,351.9,0.066449
12/31/2002,012663,333.8,-0.052605
1/31/2003,012663,325.9,-0.019438
2/28/2003,012663,317.4,-0.022026
3/31/2003,012663,317.8,0.002252
4/30/2003,012663,342.6,0.073116
5/30/2003,012663,366.8,0.067086
6/30/2003,012663,376.4,0.016699
7/31/2003,012663,387,0.018375
8/29/2003,012663,400.2,0.023742
9/30/2003,012663,399.5,-0.008534
10/31/2003,012663,428.4,0.059925
11/28/2003,012663,438.4,0.015901
12/31/2003,012663,463.2,0.042609
1/30/2004,012663,477.7,0.020868
2/27/2004,012663,490.6,0.019624
3/31/2004,012663,489.4,-0.010024
4/30/2004,012663,478.6,-0.031605
5/28/2004,012663,485.8,0.007531
6/30/2004,012663,497.6,0.017857
7/30/2004,012663,482.5,-0.033469
8/31/2004,012663,486.4,0.004223
9/30/2004,012663,498.4,0.021867
10/29/2004,012663,502.1,0.002471
11/30/2004,012663,531.4,0.05341
12/31/2004,012663,548.5,0.034321
1/31/2005,012663,538.1,-0.028009
2/28/2005,012663,556.3,0.028037
3/31/2005,012663,552.5,-0.010038
4/29/2005,012663,540.7,-0.030651
5/31/2005,012663,560.3,0.033202
6/30/2005,012663,572.8,0.021997
7/29/2005,012663,599.6,0.042729
8/31/2005,012663,597.8,-0.007189
9/30/2005,012663,595.9,-0.009232
10/31/2005,012663,588.3,-0.01902
11/30/2005,012663,615.8,0.043251
12/30/2005,012663,619.9,0.003753
1/31/2006,012663,649.2,0.042766
2/28/2006,012663,647.4,-0.006152
3/31/2006,012663,664.3,0.021492
4/28/2006,012663,679.6,0.015499
5/31/2006,012663,653.6,-0.040478
6/30/2006,012663,647.5,-0.010201
7/31/2006,012663,641.6,-0.009091
8/31/2006,012663,656.7,0.019054
9/29/2006,012663,670.9,0.020256
10/31/2006,012663,694.4,0.035346
11/30/2006,012663,716.7,0.026991
12/29/2006,012663,723.6,0.02084
1/31/2007,012663,746.9,0.017187
2/28/2007,012663,737.9,-0.012516
3/30/2007,012663,753.5,0.018536
4/30/2007,012663,788.1,0.039851
5/31/2007,012663,823.8,0.041916
6/29/2007,012663,812.6,-0.014138
7/31/2007,012663,780.3,-0.043757
8/31/2007,012663,786.3,0.007932
9/28/2007,012663,807.3,0.021453
10/31/2007,012663,819.8,0.015421
11/30/2007,012663,778.1,-0.051402
12/31/2007,012663,768.6,-0.011547
1/31/2008,012663,716.8,-0.060203
2/29/2008,012663,698.3,-0.024949
3/31/2008,012663,691.6,-0.007089
4/30/2008,012663,724,0.043933
5/30/2008,012663,743.3,0.029392
6/30/2008,012663,666.7,-0.101233
7/31/2008,012663,673.4,0.012292
8/29/2008,012663,693.4,0.031429
9/30/2008,012663,624,-0.098338
10/31/2008,012663,502.8,-0.186923
11/28/2008,012663,464.2,-0.076632
12/31/2008,012663,478.2,0.032684
1/30/2009,012663,445.5,-0.064386
2/27/2009,012663,397.3,-0.105376
3/31/2009,012663,424.9,0.073317
4/30/2009,012663,471.3,0.103024
5/29/2009,012663,499.2,0.056853
6/30/2009,012663,503,0.002786
7/31/2009,012663,537,0.066155
8/31/2009,012663,554.4,0.029676
9/30/2009,012663,577.7,0.041223
10/30/2009,012663,568.9,-0.015953
11/30/2009,012663,594.7,0.046075
12/31/2009,012663,613.9,0.031158
1/29/2010,012663,593.9,-0.031671
2/26/2010,012663,612.6,0.031071
3/31/2010,012663,650.8,0.061459
4/30/2010,012663,664.8,0.020942
5/28/2010,012663,607.8,-0.084249
6/30/2010,012663,569,-0.0648
7/30/2010,012663,610.4,0.075407
8/31/2010,012663,573.2,-0.058167
9/30/2010,012663,626.3,0.094247
10/29/2010,012663,647.2,0.033308
11/30/2010,012663,653.1,0.009745
12/31/2010,012663,700.3,0.07271
1/31/2011,012663,711.3,0.016736
2/28/2011,012663,740.9,0.040466
3/31/2011,012663,746.7,0.006196
4/29/2011,012663,775.1,0.036089
5/31/2011,012663,768.5,-0.006333
6/30/2011,012663,759.9,-0.008668
7/29/2011,012663,732.2,-0.034771
8/31/2011,012663,678.8,-0.071381
9/30/2011,012663,625.5,-0.080172
10/31/2011,012663,702.3,0.122848
11/30/2011,012663,705.1,0.002436
12/30/2011,012663,1076,0.008203
1/31/2012,012663,1133.5,0.058212
2/29/2012,012663,1186,0.048461
3/30/2012,012663,1218.4,0.028357
4/30/2012,012663,1216.8,-0.001217
5/31/2012,012663,1123.2,-0.074909
6/29/2012,012663,1158.5,0.03318
7/31/2012,012663,1180.2,0.021059
8/31/2012,012663,1202.8,0.021875
9/28/2012,012663,1225.8,0.020428
10/31/2012,012663,1207,-0.015606
11/30/2012,012663,1221.8,0.012805
12/31/2012,012663,1234.4,0.010155
1/31/2013,012663,1306,0.060096
2/28/2013,012663,1324,0.014172
3/28/2013,012663,1380.2,0.042202
4/30/2013,012663,1396.3,0.011815
5/31/2013,012663,1444.8,0.035563
6/28/2013,012663,1432.1,-0.011276
7/31/2013,012663,1524.3,0.062305
8/30/2013,012663,1485.8,-0.025904
9/30/2013,012663,1537.9,0.032112
10/31/2013,012663,1600.7,0.041383
11/29/2013,012663,1655.2,0.030388
12/31/2013,012663,1713.2,0.030457
1/31/2014,012663,1624.2,-0.051984
2/28/2014,012663,1706.8,0.049543
3/31/2014,012663,1702.5,0.006095
4/30/2014,012663,1610.6,0.00365
5/30/2014,012663,1640.2,0.021364
6/30/2014,012663,1673.3,0.024166
7/31/2014,012663,1632.5,-0.018277
8/29/2014,012663,1691.7,0.04211
9/30/2014,012663,1633.3,-0.030498
10/31/2014,012663,1656,0.016696
11/28/2014,012663,1676.3,0.015557
12/31/2014,012663,1668.6,-0.003893
1/30/2015,012663,1616.6,-0.028725
2/27/2015,012663,1724.6,0.068854
3/31/2015,012663,1700.6,-0.011535
4/30/2015,012663,1705.4,0.005694
5/29/2015,012663,1742.8,0.02439
6/30/2015,012663,1680.7,-0.032981
7/31/2015,012663,1660.8,-0.007486
8/31/2015,012663,1558.6,-0.059894
9/30/2015,012663,1497,-0.037952
10/30/2015,012663,1600.1,0.071253
11/30/2015,012663,1602,0.002294
12/31/2015,012663,1567.1,-0.02087
1/29/2016,012663,1456.4,-0.068271
2/29/2016,012663,1450.9,0.000527
3/31/2016,012663,1549.2,0.070609
4/29/2016,012663,1544.1,0
5/31/2016,012663,1560.3,0.0143
6/30/2016,012663,1547.8,-0.00334
7/29/2016,012663,1608.1,0.046921
8/31/2016,012663,1607.9,0.00887
9/30/2016,012663,1589,-0.002776
10/31/2016,012663,1524.3,-0.031613
11/30/2016,012663,1573.9,0.042727
12/30/2016,012663,1594.5,0.019845
1/31/2017,012663,1605.7,0.014131
2/28/2017,012663,1647.8,0.03019
3/31/2017,012663,1634.3,-0.001803
4/28/2017,012663,1646.8,0.011765
5/31/2017,012663,1640.4,0.000447
6/30/2017,012663,1654.7,0.014295
7/31/2017,012663,1657.1,0.007947
8/31/2017,012663,1630.3,-0.009198
9/29/2017,012663,1675.6,0.035199
10/31/2017,012663,1691.4,0.016309
11/30/2017,012663,1742.8,0.037584
12/29/2017,012663,1751.1,0.011528
1/31/2018,012663,1803.5,0.039026
2/28/2018,012663,1698.8,-0.048061
3/29/2018,012663,1642.3,-0.022959
4/30/2018,012663,1621.9,-0.001308
5/31/2018,012663,1630.8,0.014847
6/29/2018,012663,1609.4,-0.003408
7/31/2018,012663,1661.5,0.043309
8/31/2018,012663,1662.9,0.012038
9/28/2018,012663,1654.3,0.003791
10/31/2018,012663,1540.8,-0.059812
11/30/2018,012663,1557.8,0.019172
12/31/2018,012663,1393.1,-0.096647
1/31/2019,012663,1475.4,0.06698
2/28/2019,012663,1507.8,0.029185
3/29/2019,012663,1506.6,0.007113
4/30/2019,012663,1548.8,0.038913
5/31/2019,012663,1445.2,-0.055926
6/28/2019,012663,1524,0.062533
7/31/2019,012663,1517.3,0.01232
8/30/2019,012663,1463.3,-0.015213
9/30/2019,012663,1466.1,0.025798
10/31/2019,012663,1429,0
11/29/2019,012663,1428.8,0.026196
12/31/2019,012663,1416.8,0.034708
1/31/2020,012663,1349.8,-0.027897
2/28/2020,012663,1173.6,-0.114054
3/31/2020,012663,975.9,-0.14618
4/30/2020,012663,1072.1,0.114481
5/29/2020,012663,1102.5,0.04302
6/30/2020,012663,1069.7,-0.012054
7/31/2020,012663,1072.5,0.023952
8/31/2020,012663,1075.9,0.025898
9/30/2020,012663,1025.1,-0.023182
10/30/2020,012663,972.8,-0.028476
11/30/2020,012663,1077.9,0.138793
12/31/2020,012663,1094.8,0.042209
1/29/2021,012663,1057.9,-0.01608
2/26/2021,012663,1065.2,0.031128
3/31/2021,012663,1115,0.071431
4/30/2021,012663,1124.6,0.028975
5/28/2021,012663,1128.2,0.028846
6/30/2021,012663,1094.4,-0.008799
7/30/2021,012663,1085.3,0.00879
8/31/2021,012663,1092.9,0.023458
9/30/2021,012663,1037.8,-0.036088
10/29/2021,012663,1055.4,0.029412
11/30/2021,012663,1002.8,-0.037209
12/31/2021,012663,1066.1,0.079926
1/31/2022,012663,1059,0.003541
2/28/2022,012663,1046.7,-0.001411
3/31/2022,012663,1045,0.014251
4/29/2022,012663,993.4,-0.038515
5/31/2022,012663,1026.8,0.0437
6/30/2022,012663,932.8,-0.081906
7/29/2022,012663,950.2,0.025994
8/31/2022,012663,926.7,-0.014158
9/30/2022,012663,858.4,-0.070921
10/31/2022,012663,972.7,0.145782
11/30/2022,012663,1023.2,0.061472
12/30/2022,012663,976.6,-0.036817
1/31/2023,012663,1009.1,0.041268
2/28/2023,012663,956.4,-0.043171
3/31/2023,012663,1168.3,-0.029167
4/28/2023,012663,1169.4,0.013793
5/31/2023,012663,1118,-0.032502
6/30/2023,012663,1185.3,0.074426
7/31/2023,012663,1211.7,0.034382
8/31/2023,012663,1183.4,-0.009901
9/29/2023,012663,1145.3,-0.020825
10/31/2023,012663,1094.8,-0.032305
11/30/2023,012663,1140.4,0.053111
12/29/2023,012663,1211.4,0.074904
1/31/2024,012663,1214.5,0.011307
